[
  {
    "value": "Chicken",
    "synonyms": [
      "Chicken"
    ]
  },
  {
    "value": "Mushroom",
    "synonyms": [
      "Mushroom"
    ]
  },
  {
    "value": "Pineapple",
    "synonyms": [
      "Pineapple"
    ]
  },
  {
    "value": "Black Olives",
    "synonyms": [
      "Black Olives"
    ]
  },
  {
    "value": "Jalepeno",
    "synonyms": [
      "Jalepeno"
    ]
  },
  {
    "value": "Pepperoni",
    "synonyms": [
      "Pepperoni"
    ]
  },
  {
    "value": "Margharita",
    "synonyms": [
      "Margharita"
    ]
  }
]