[
  {
    "id": "a824b02d-e024-4252-a64c-41ec73ea1bd1",
    "data": [
      {
        "text": "order a pizza",
        "userDefined": false
      }
    ],
    "isTemplate": false,
    "count": 0,
    "lang": "en",
    "updated": 0
  },
  {
    "id": "ea9b3309-dac8-4985-a446-f6dfe0f9e2a1",
    "data": [
      {
        "text": "i want pizza",
        "userDefined": false
      }
    ],
    "isTemplate": false,
    "count": 0,
    "lang": "en",
    "updated": 0
  },
  {
    "id": "a5924862-ce12-4f34-8b6b-6d068c845f6a",
    "data": [
      {
        "text": "pizza order",
        "userDefined": false
      }
    ],
    "isTemplate": false,
    "count": 0,
    "lang": "en",
    "updated": 0
  },
  {
    "id": "cc2dfad2-7db9-4c07-a585-201ced6304dc",
    "data": [
      {
        "text": "I want to order a pizza",
        "userDefined": false
      }
    ],
    "isTemplate": false,
    "count": 0,
    "lang": "en",
    "updated": 0
  },
  {
    "id": "d34d42a6-8201-471b-bf34-cac1910f6b5f",
    "data": [
      {
        "text": "Can I make a pizza order",
        "userDefined": false
      }
    ],
    "isTemplate": false,
    "count": 0,
    "lang": "en",
    "updated": 0
  }
]